Time,Source,URI,"Found on URI","Found on level",Tags,Message
"2022-02-17 10:24:54.791182","Contao\CoreBundle\Crawl\Escargot\Subscriber\SearchIndexSubscriber",https://4ae-racing-team.ch/newsreader,https://4ae-racing-team.ch/sitemap.xml,3,,"Forwarded to the search indexer. Was indexed successfully."
"2022-02-17 10:24:55.288014","Contao\CoreBundle\Crawl\Escargot\Subscriber\SearchIndexSubscriber",https://4ae-racing-team.ch/translation,https://4ae-racing-team.ch/sitemap.xml,3,,"Forwarded to the search indexer. Was indexed successfully."
"2022-02-17 10:24:55.501956","Contao\CoreBundle\Crawl\Escargot\Subscriber\SearchIndexSubscriber",https://4ae-racing-team.ch/team,https://4ae-racing-team.ch/sitemap.xml,3,,"Forwarded to the search indexer. Was indexed successfully."
"2022-02-17 10:24:55.938593","Contao\CoreBundle\Crawl\Escargot\Subscriber\SearchIndexSubscriber",https://4ae-racing-team.ch/newsliste,https://4ae-racing-team.ch/sitemap.xml,3,,"Forwarded to the search indexer. Was indexed successfully."
"2022-02-17 10:24:56.038713","Contao\CoreBundle\Crawl\Escargot\Subscriber\SearchIndexSubscriber",https://4ae-racing-team.ch/bildergalerie,https://4ae-racing-team.ch/sitemap.xml,3,,"Forwarded to the search indexer. Was indexed successfully."
"2022-02-17 10:24:56.727620","Contao\CoreBundle\Crawl\Escargot\Subscriber\SearchIndexSubscriber",https://4ae-racing-team.ch/techniktraining,https://4ae-racing-team.ch/sitemap.xml,3,,"Forwarded to the search indexer. Was indexed successfully."
"2022-02-17 10:24:56.805649","Contao\CoreBundle\Crawl\Escargot\Subscriber\SearchIndexSubscriber",https://4ae-racing-team.ch/guestbook-eintraege,https://4ae-racing-team.ch/sitemap.xml,3,,"Forwarded to the search indexer. Was indexed successfully."
"2022-02-17 10:24:56.864023","Contao\CoreBundle\Crawl\Escargot\Subscriber\SearchIndexSubscriber",https://4ae-racing-team.ch/guestbook-formular,https://4ae-racing-team.ch/sitemap.xml,3,,"Forwarded to the search indexer. Was indexed successfully."
"2022-02-17 10:24:56.919480","Contao\CoreBundle\Crawl\Escargot\Subscriber\SearchIndexSubscriber",https://4ae-racing-team.ch/guestbook-bestaetigung,https://4ae-racing-team.ch/sitemap.xml,3,,"Forwarded to the search indexer. Was indexed successfully."
"2022-02-17 10:24:57.004808","Contao\CoreBundle\Crawl\Escargot\Subscriber\SearchIndexSubscriber",https://4ae-racing-team.ch/konditionstraining,https://4ae-racing-team.ch/sitemap.xml,3,,"Forwarded to the search indexer. Was indexed successfully."
"2022-02-17 10:24:57.180500","Contao\CoreBundle\Crawl\Escargot\Subscriber\SearchIndexSubscriber",https://4ae-racing-team.ch/verletzungen,https://4ae-racing-team.ch/sitemap.xml,3,,"Forwarded to the search indexer. Was indexed successfully."
"2022-02-17 10:24:57.541565","Contao\CoreBundle\Crawl\Escargot\Subscriber\SearchIndexSubscriber",https://4ae-racing-team.ch/login,https://4ae-racing-team.ch/sitemap.xml,3,,"Forwarded to the search indexer. Was indexed successfully."
"2022-02-17 10:24:57.582731","Contao\CoreBundle\Crawl\Escargot\Subscriber\SearchIndexSubscriber",https://4ae-racing-team.ch/suche,https://4ae-racing-team.ch/sitemap.xml,3,,"Forwarded to the search indexer. Was indexed successfully."
"2022-02-17 10:24:57.939901","Contao\CoreBundle\Crawl\Escargot\Subscriber\SearchIndexSubscriber",https://4ae-racing-team.ch/kletterschuhe-resoling,https://4ae-racing-team.ch/sitemap.xml,3,,"Forwarded to the search indexer. Was indexed successfully."
"2022-02-17 10:24:57.984189","Contao\CoreBundle\Crawl\Escargot\Subscriber\SearchIndexSubscriber",https://4ae-racing-team.ch/registrierung,https://4ae-racing-team.ch/sitemap.xml,3,,"Forwarded to the search indexer. Was indexed successfully."
"2022-02-17 10:24:58.118407","Contao\CoreBundle\Crawl\Escargot\Subscriber\SearchIndexSubscriber",https://4ae-racing-team.ch/impressum,https://4ae-racing-team.ch/sitemap.xml,3,,"Forwarded to the search indexer. Was indexed successfully."
"2022-02-17 10:25:04.774471","Contao\CoreBundle\Crawl\Escargot\Subscriber\SearchIndexSubscriber",https://4ae-racing-team.ch/translation?act=project&project=1,https://4ae-racing-team.ch/translation,4,,"Forwarded to the search indexer. Was indexed successfully."
"2022-02-17 10:25:04.822212","Contao\CoreBundle\Crawl\Escargot\Subscriber\SearchIndexSubscriber",https://4ae-racing-team.ch/translation?act=createNewProject,https://4ae-racing-team.ch/translation,4,,"Forwarded to the search indexer. Was indexed successfully."
"2022-02-17 10:25:07.064245","Contao\CoreBundle\Crawl\Escargot\Subscriber\SearchIndexSubscriber",https://4ae-racing-team.ch/newsreader/rekognoszierungstour-scheideggwetterhorn-westpfeiler,https://4ae-racing-team.ch/sitemap.xml,3,,"Forwarded to the search indexer. Was indexed successfully."
"2022-02-17 10:25:08.282718","Contao\CoreBundle\Crawl\Escargot\Subscriber\SearchIndexSubscriber",https://4ae-racing-team.ch/translation?act=resource&project=1,https://4ae-racing-team.ch/translation?act=project&project=1,5,,"Forwarded to the search indexer. Was indexed successfully."
"2022-02-17 10:25:08.497484","Contao\CoreBundle\Crawl\Escargot\Subscriber\SearchIndexSubscriber",https://4ae-racing-team.ch/translation?act=language&project=1,https://4ae-racing-team.ch/translation?act=project&project=1,5,,"Forwarded to the search indexer. Was indexed successfully."
"2022-02-17 10:25:08.532993","Contao\CoreBundle\Crawl\Escargot\Subscriber\SearchIndexSubscriber",https://4ae-racing-team.ch/translation?act=createNewProject&project=1,https://4ae-racing-team.ch/translation?act=project&project=1,5,,"Forwarded to the search indexer. Was indexed successfully."
"2022-02-17 10:25:20.707325","Contao\CoreBundle\Crawl\Escargot\Subscriber\SearchIndexSubscriber",https://4ae-racing-team.ch/bildergalerie/franco-martinelli-nachruf,https://4ae-racing-team.ch/bildergalerie?page_g16301=2,5,,"Forwarded to the search indexer. Was indexed successfully."
"2022-02-17 10:25:20.979245","Contao\CoreBundle\Crawl\Escargot\Subscriber\SearchIndexSubscriber",https://4ae-racing-team.ch/bildergalerie/realp-muttenhorn-rottaellihorn-realp,https://4ae-racing-team.ch/bildergalerie?page_g16301=2,5,,"Forwarded to the search indexer. Was indexed successfully."
"2022-02-17 10:25:21.216779","Contao\CoreBundle\Crawl\Escargot\Subscriber\SearchIndexSubscriber",https://4ae-racing-team.ch/bildergalerie/ausflug-fruendenhuette-und-fruendenschnur,https://4ae-racing-team.ch/bildergalerie?page_g16301=2,5,,"Forwarded to the search indexer. Was indexed successfully."
"2022-02-17 10:25:21.710015","Contao\CoreBundle\Crawl\Escargot\Subscriber\SearchIndexSubscriber",https://4ae-racing-team.ch/bildergalerie/salbit-westgrat,https://4ae-racing-team.ch/bildergalerie?page_g16301=2,5,,"Forwarded to the search indexer. Was indexed successfully."
"2022-02-17 10:25:21.897569","Contao\CoreBundle\Crawl\Escargot\Subscriber\SearchIndexSubscriber",https://4ae-racing-team.ch/bildergalerie/gr-wendenstock-jednicka-n1,https://4ae-racing-team.ch/bildergalerie?page_g16301=2,5,,"Forwarded to the search indexer. Was indexed successfully."
"2022-02-17 10:25:21.998029","Contao\CoreBundle\Crawl\Escargot\Subscriber\SearchIndexSubscriber",https://4ae-racing-team.ch/bildergalerie/master-of-sensation-alpnach,https://4ae-racing-team.ch/bildergalerie?page_g16301=2,5,,"Forwarded to the search indexer. Was indexed successfully."
"2022-02-17 10:25:22.130568","Contao\CoreBundle\Crawl\Escargot\Subscriber\SearchIndexSubscriber",https://4ae-racing-team.ch/bildergalerie/gr-wendenstock-excalibur,https://4ae-racing-team.ch/bildergalerie?page_g16301=2,5,,"Forwarded to the search indexer. Was indexed successfully."
"2022-02-17 10:25:22.297233","Contao\CoreBundle\Crawl\Escargot\Subscriber\SearchIndexSubscriber",https://4ae-racing-team.ch/bildergalerie/klettern-in-chateauvert,https://4ae-racing-team.ch/bildergalerie?page_g16301=2,5,,"Forwarded to the search indexer. Was indexed successfully."
"2022-02-17 10:25:29.454786","Contao\CoreBundle\Crawl\Escargot\Subscriber\SearchIndexSubscriber",https://4ae-racing-team.ch/bildergalerie/hohjaegiburg-via-roehreni,https://4ae-racing-team.ch/bildergalerie,4,,"Forwarded to the search indexer. Was indexed successfully."
"2022-02-17 10:25:29.689449","Contao\CoreBundle\Crawl\Escargot\Subscriber\SearchIndexSubscriber",https://4ae-racing-team.ch/bildergalerie/hoech-fulen-via-annika,https://4ae-racing-team.ch/bildergalerie,4,,"Forwarded to the search indexer. Was indexed successfully."
"2022-02-17 10:25:30.000808","Contao\CoreBundle\Crawl\Escargot\Subscriber\SearchIndexSubscriber",https://4ae-racing-team.ch/bildergalerie/deep-blue-sea,https://4ae-racing-team.ch/bildergalerie,4,,"Forwarded to the search indexer. Was indexed successfully."
"2022-02-17 10:25:30.201145","Contao\CoreBundle\Crawl\Escargot\Subscriber\SearchIndexSubscriber",https://4ae-racing-team.ch/bildergalerie/gross-ruchen-nordwand,https://4ae-racing-team.ch/bildergalerie,4,,"Forwarded to the search indexer. Was indexed successfully."
"2022-02-17 10:25:30.476279","Contao\CoreBundle\Crawl\Escargot\Subscriber\SearchIndexSubscriber",https://4ae-racing-team.ch/bildergalerie/kulmchrachen-pilatus,https://4ae-racing-team.ch/bildergalerie,4,,"Forwarded to the search indexer. Was indexed successfully."
"2022-02-17 10:25:37.561282","Contao\CoreBundle\Crawl\Escargot\Subscriber\SearchIndexSubscriber",https://4ae-racing-team.ch/bildergalerie/titlis-nordwand-lochblick-7a,https://4ae-racing-team.ch/bildergalerie,4,,"Forwarded to the search indexer. Was indexed successfully."
"2022-02-17 10:25:37.704441","Contao\CoreBundle\Crawl\Escargot\Subscriber\SearchIndexSubscriber",https://4ae-racing-team.ch/bildergalerie/skitour-huetstock,https://4ae-racing-team.ch/bildergalerie,4,,"Forwarded to the search indexer. Was indexed successfully."
"2022-02-17 10:25:37.858714","Contao\CoreBundle\Crawl\Escargot\Subscriber\SearchIndexSubscriber",https://4ae-racing-team.ch/bildergalerie/jednicka,https://4ae-racing-team.ch/bildergalerie,4,,"Forwarded to the search indexer. Was indexed successfully."
"2022-02-17 10:25:38.071835","Contao\CoreBundle\Crawl\Escargot\Subscriber\SearchIndexSubscriber",https://4ae-racing-team.ch/bildergalerie/schlossberg-rittergold,https://4ae-racing-team.ch/bildergalerie,4,,"Forwarded to the search indexer. Was indexed successfully."
"2022-02-17 10:25:38.301991","Contao\CoreBundle\Crawl\Escargot\Subscriber\SearchIndexSubscriber",https://4ae-racing-team.ch/bildergalerie/eiger-deep-blue-sea-7b,https://4ae-racing-team.ch/bildergalerie,4,,"Forwarded to the search indexer. Was indexed successfully."
"2022-02-17 10:25:42.362362","Contao\CoreBundle\Crawl\Escargot\Subscriber\SearchIndexSubscriber",https://4ae-racing-team.ch/bildergalerie/blaue-lagune,https://4ae-racing-team.ch/bildergalerie,4,,"Forwarded to the search indexer. Was indexed successfully."
"2022-02-17 10:25:43.140262","Contao\CoreBundle\Crawl\Escargot\Subscriber\SearchIndexSubscriber",https://4ae-racing-team.ch/bildergalerie/grosses-kamel-westwand-sidelengebiet,https://4ae-racing-team.ch/bildergalerie,4,,"Forwarded to the search indexer. Was indexed successfully."
"2022-02-17 10:25:43.401941","Contao\CoreBundle\Crawl\Escargot\Subscriber\SearchIndexSubscriber",https://4ae-racing-team.ch/bildergalerie/kadenz-7b-rosenlauistock,https://4ae-racing-team.ch/bildergalerie,4,,"Forwarded to the search indexer. Was indexed successfully."
"2022-02-17 10:25:43.612545","Contao\CoreBundle\Crawl\Escargot\Subscriber\SearchIndexSubscriber",https://4ae-racing-team.ch/bildergalerie/ben-hur-wendenstoecke,https://4ae-racing-team.ch/bildergalerie,4,,"Forwarded to the search indexer. Was indexed successfully."
"2022-02-17 10:25:43.779385","Contao\CoreBundle\Crawl\Escargot\Subscriber\SearchIndexSubscriber",https://4ae-racing-team.ch/bildergalerie/land-ohne-herren-7c-titlis-nordwand,https://4ae-racing-team.ch/bildergalerie,4,,"Forwarded to the search indexer. Was indexed successfully."
"2022-02-17 10:25:51.062362","Contao\CoreBundle\Crawl\Escargot\Subscriber\SearchIndexSubscriber",https://4ae-racing-team.ch/bildergalerie/kamasutra-klausenpass,https://4ae-racing-team.ch/bildergalerie,4,,"Forwarded to the search indexer. Was indexed successfully."
"2022-02-17 10:25:51.549317","Contao\CoreBundle\Crawl\Escargot\Subscriber\SearchIndexSubscriber",https://4ae-racing-team.ch/bildergalerie/uri-rotstock-skitour-von-isenthal,https://4ae-racing-team.ch/bildergalerie,4,,"Forwarded to the search indexer. Was indexed successfully."
"2022-02-17 10:25:51.785757","Contao\CoreBundle\Crawl\Escargot\Subscriber\SearchIndexSubscriber",https://4ae-racing-team.ch/bildergalerie/rekognoszierung-scheideggwetterhorn-westpfe,https://4ae-racing-team.ch/bildergalerie,4,,"Forwarded to the search indexer. Was indexed successfully."
"2022-02-17 10:25:52.010991","Contao\CoreBundle\Crawl\Escargot\Subscriber\SearchIndexSubscriber",https://4ae-racing-team.ch/bildergalerie/wetterhorn-tagesskitour-vom-rosenlaui,https://4ae-racing-team.ch/bildergalerie,4,,"Forwarded to the search indexer. Was indexed successfully."
"2022-02-17 10:25:52.139689","Contao\CoreBundle\Crawl\Escargot\Subscriber\SearchIndexSubscriber",https://4ae-racing-team.ch/bildergalerie/galenstock-tagesskitour-von-realp,https://4ae-racing-team.ch/bildergalerie,4,,"Forwarded to the search indexer. Was indexed successfully."
"2022-02-17 10:26:04.068274","Contao\CoreBundle\Crawl\Escargot\Subscriber\SearchIndexSubscriber",https://4ae-racing-team.ch/translation?act=translate&project=1&language=en&resource=2,https://4ae-racing-team.ch/translation?act=language&project=1,6,,"Forwarded to the search indexer. Was indexed successfully."
"2022-02-17 10:26:04.126607","Contao\CoreBundle\Crawl\Escargot\Subscriber\SearchIndexSubscriber",https://4ae-racing-team.ch/translation?act=translate&project=1&language=en&resource=4,https://4ae-racing-team.ch/translation?act=language&project=1,6,,"Forwarded to the search indexer. Was indexed successfully."
"2022-02-17 10:26:04.187919","Contao\CoreBundle\Crawl\Escargot\Subscriber\SearchIndexSubscriber",https://4ae-racing-team.ch/translation?act=translate&project=1&language=en&resource=1,https://4ae-racing-team.ch/translation?act=language&project=1,6,,"Forwarded to the search indexer. Was indexed successfully."
"2022-02-17 10:26:04.220231","Contao\CoreBundle\Crawl\Escargot\Subscriber\SearchIndexSubscriber",https://4ae-racing-team.ch/translation?act=translate&project=1&language=en&resource=3,https://4ae-racing-team.ch/translation?act=language&project=1,6,,"Forwarded to the search indexer. Was indexed successfully."
"2022-02-17 10:26:04.483892","Contao\CoreBundle\Crawl\Escargot\Subscriber\SearchIndexSubscriber",https://4ae-racing-team.ch/translation?act=createNewProject&project=1&resource=1,https://4ae-racing-team.ch/translation?act=translate&project=1&language=en&resource=1,7,,"Forwarded to the search indexer. Was indexed successfully."
"2022-02-17 10:26:04.555140","Contao\CoreBundle\Crawl\Escargot\Subscriber\SearchIndexSubscriber",https://4ae-racing-team.ch/translation?act=createNewProject&project=1&resource=2,https://4ae-racing-team.ch/translation?act=translate&project=1&language=en&resource=2,7,,"Forwarded to the search indexer. Was indexed successfully."
"2022-02-17 10:26:04.566815","Contao\CoreBundle\Crawl\Escargot\Subscriber\SearchIndexSubscriber",https://4ae-racing-team.ch/translation?act=createNewProject&project=1&resource=4,https://4ae-racing-team.ch/translation?act=translate&project=1&language=en&resource=4,7,,"Forwarded to the search indexer. Was indexed successfully."
"2022-02-17 10:26:04.581472","Contao\CoreBundle\Crawl\Escargot\Subscriber\SearchIndexSubscriber",https://4ae-racing-team.ch/translation?act=createNewProject&project=1&resource=3,https://4ae-racing-team.ch/translation?act=translate&project=1&language=en&resource=3,7,,"Forwarded to the search indexer. Was indexed successfully."
"2022-02-17 10:26:04.593037","Contao\CoreBundle\Crawl\Escargot\Subscriber\SearchIndexSubscriber",https://4ae-racing-team.ch/translation?act=translate&project=1&language=de&resource=3,https://4ae-racing-team.ch/translation?act=language&project=1,6,,"Forwarded to the search indexer. Was indexed successfully."
"2022-02-17 10:26:04.782667","Contao\CoreBundle\Crawl\Escargot\Subscriber\SearchIndexSubscriber",https://4ae-racing-team.ch/translation?act=translate&project=1&language=de&resource=5,https://4ae-racing-team.ch/translation?act=language&project=1,6,,"Forwarded to the search indexer. Was indexed successfully."
"2022-02-17 10:26:04.811954","Contao\CoreBundle\Crawl\Escargot\Subscriber\SearchIndexSubscriber",https://4ae-racing-team.ch/translation?act=translate&project=1&language=de&resource=6,https://4ae-racing-team.ch/translation?act=language&project=1,6,,"Forwarded to the search indexer. Was indexed successfully."
"2022-02-17 10:26:04.820111","Contao\CoreBundle\Crawl\Escargot\Subscriber\SearchIndexSubscriber",https://4ae-racing-team.ch/translation?act=translate&project=1&language=nl&resource=1,https://4ae-racing-team.ch/translation?act=language&project=1,6,,"Forwarded to the search indexer. Was indexed successfully."
"2022-02-17 10:26:04.911146","Contao\CoreBundle\Crawl\Escargot\Subscriber\SearchIndexSubscriber",https://4ae-racing-team.ch/translation?act=translate&project=1&language=nl&resource=2,https://4ae-racing-team.ch/translation?act=language&project=1,6,,"Forwarded to the search indexer. Was indexed successfully."
"2022-02-17 10:26:04.918687","Contao\CoreBundle\Crawl\Escargot\Subscriber\SearchIndexSubscriber",https://4ae-racing-team.ch/translation?act=translate&project=1&language=de&resource=4,https://4ae-racing-team.ch/translation?act=language&project=1,6,,"Forwarded to the search indexer. Was indexed successfully."
"2022-02-17 10:26:07.824469","Contao\CoreBundle\Crawl\Escargot\Subscriber\SearchIndexSubscriber",https://4ae-racing-team.ch/translation?act=translate&project=1&language=en&resource=5,https://4ae-racing-team.ch/translation?act=language&project=1,6,,"Forwarded to the search indexer. Was indexed successfully."
"2022-02-17 10:26:08.041950","Contao\CoreBundle\Crawl\Escargot\Subscriber\SearchIndexSubscriber",https://4ae-racing-team.ch/translation?act=translate&project=1&language=de&resource=2,https://4ae-racing-team.ch/translation?act=language&project=1,6,,"Forwarded to the search indexer. Was indexed successfully."
"2022-02-17 10:26:08.084319","Contao\CoreBundle\Crawl\Escargot\Subscriber\SearchIndexSubscriber",https://4ae-racing-team.ch/translation?act=translate&project=1&language=nl&resource=3,https://4ae-racing-team.ch/translation?act=language&project=1,6,,"Forwarded to the search indexer. Was indexed successfully."
"2022-02-17 10:26:08.139625","Contao\CoreBundle\Crawl\Escargot\Subscriber\SearchIndexSubscriber",https://4ae-racing-team.ch/translation?act=translate&project=1&language=de&resource=1,https://4ae-racing-team.ch/translation?act=language&project=1,6,,"Forwarded to the search indexer. Was indexed successfully."
"2022-02-17 10:26:08.152298","Contao\CoreBundle\Crawl\Escargot\Subscriber\SearchIndexSubscriber",https://4ae-racing-team.ch/translation?act=translate&project=1&language=en&resource=6,https://4ae-racing-team.ch/translation?act=language&project=1,6,,"Forwarded to the search indexer. Was indexed successfully."
"2022-02-17 10:26:08.324340","Contao\CoreBundle\Crawl\Escargot\Subscriber\SearchIndexSubscriber",https://4ae-racing-team.ch/translation?act=createNewProject&project=1&resource=5,https://4ae-racing-team.ch/translation?act=translate&project=1&language=de&resource=5,7,,"Forwarded to the search indexer. Was indexed successfully."
"2022-02-17 10:26:08.337744","Contao\CoreBundle\Crawl\Escargot\Subscriber\SearchIndexSubscriber",https://4ae-racing-team.ch/translation?act=translate&project=1&language=it&resource=1,https://4ae-racing-team.ch/translation?act=language&project=1,6,,"Forwarded to the search indexer. Was indexed successfully."
"2022-02-17 10:26:08.355867","Contao\CoreBundle\Crawl\Escargot\Subscriber\SearchIndexSubscriber",https://4ae-racing-team.ch/translation?act=translate&project=1&language=it&resource=2,https://4ae-racing-team.ch/translation?act=language&project=1,6,,"Forwarded to the search indexer. Was indexed successfully."
"2022-02-17 10:26:08.366561","Contao\CoreBundle\Crawl\Escargot\Subscriber\SearchIndexSubscriber",https://4ae-racing-team.ch/translation?act=createNewProject&project=1&resource=6,https://4ae-racing-team.ch/translation?act=translate&project=1&language=de&resource=6,7,,"Forwarded to the search indexer. Was indexed successfully."
"2022-02-17 10:26:08.395138","Contao\CoreBundle\Crawl\Escargot\Subscriber\SearchIndexSubscriber",https://4ae-racing-team.ch/translation?act=translate&project=1&language=nl&resource=6,https://4ae-racing-team.ch/translation?act=language&project=1,6,,"Forwarded to the search indexer. Was indexed successfully."
"2022-02-17 10:26:08.534131","Contao\CoreBundle\Crawl\Escargot\Subscriber\SearchIndexSubscriber",https://4ae-racing-team.ch/translation?act=translate&project=1&language=it&resource=4,https://4ae-racing-team.ch/translation?act=language&project=1,6,,"Forwarded to the search indexer. Was indexed successfully."
"2022-02-17 10:26:08.655301","Contao\CoreBundle\Crawl\Escargot\Subscriber\SearchIndexSubscriber",https://4ae-racing-team.ch/translation?act=translate&project=1&language=it&resource=3,https://4ae-racing-team.ch/translation?act=language&project=1,6,,"Forwarded to the search indexer. Was indexed successfully."
"2022-02-17 10:26:08.662864","Contao\CoreBundle\Crawl\Escargot\Subscriber\SearchIndexSubscriber",https://4ae-racing-team.ch/translation?act=translate&project=1&language=it&resource=5,https://4ae-racing-team.ch/translation?act=language&project=1,6,,"Forwarded to the search indexer. Was indexed successfully."
"2022-02-17 10:26:08.672406","Contao\CoreBundle\Crawl\Escargot\Subscriber\SearchIndexSubscriber",https://4ae-racing-team.ch/translation?act=translate&project=1&language=it&resource=6,https://4ae-racing-team.ch/translation?act=language&project=1,6,,"Forwarded to the search indexer. Was indexed successfully."
"2022-02-17 10:26:09.199932","Contao\CoreBundle\Crawl\Escargot\Subscriber\SearchIndexSubscriber",https://4ae-racing-team.ch/bildergalerie/bohrwut-am-ofen-melchtal,https://4ae-racing-team.ch/bildergalerie?page_g16301=2,5,,"Forwarded to the search indexer. Was indexed successfully."
"2022-02-17 10:26:09.331995","Contao\CoreBundle\Crawl\Escargot\Subscriber\SearchIndexSubscriber",https://4ae-racing-team.ch/bildergalerie/kl-wendenstock-imax,https://4ae-racing-team.ch/bildergalerie?page_g16301=2,5,,"Forwarded to the search indexer. Was indexed successfully."
"2022-02-17 10:26:09.427112","Contao\CoreBundle\Crawl\Escargot\Subscriber\SearchIndexSubscriber",https://4ae-racing-team.ch/bildergalerie/abenteuer-in-el-chorro,https://4ae-racing-team.ch/bildergalerie?page_g16301=2,5,,"Forwarded to the search indexer. Was indexed successfully."
"2022-02-17 10:26:09.550119","Contao\CoreBundle\Crawl\Escargot\Subscriber\SearchIndexSubscriber",https://4ae-racing-team.ch/bildergalerie/engelberg-klettergarten-schlaenggen,https://4ae-racing-team.ch/bildergalerie?page_g16301=2,5,,"Forwarded to the search indexer. Was indexed successfully."
"2022-02-17 10:26:13.058748","Contao\CoreBundle\Crawl\Escargot\Subscriber\SearchIndexSubscriber",https://4ae-racing-team.ch/translation?act=translate&project=1&language=nl&resource=4,https://4ae-racing-team.ch/translation?act=language&project=1,6,,"Forwarded to the search indexer. Was indexed successfully."
"2022-02-17 10:26:13.233278","Contao\CoreBundle\Crawl\Escargot\Subscriber\SearchIndexSubscriber",https://4ae-racing-team.ch/translation?act=translate&project=1&language=nl&resource=5,https://4ae-racing-team.ch/translation?act=language&project=1,6,,"Forwarded to the search indexer. Was indexed successfully."
"2022-02-17 10:26:13.498894","Contao\CoreBundle\Crawl\Escargot\Subscriber\SearchIndexSubscriber",https://4ae-racing-team.ch/bildergalerie/pilatus-matthorn-glasmost,https://4ae-racing-team.ch/bildergalerie?page_g16301=2,5,,"Forwarded to the search indexer. Was indexed successfully."
"2022-02-17 10:26:13.705536","Contao\CoreBundle\Crawl\Escargot\Subscriber\SearchIndexSubscriber",https://4ae-racing-team.ch/bildergalerie/schlossberg-w-wand,https://4ae-racing-team.ch/bildergalerie?page_g16301=2,5,,"Forwarded to the search indexer. Was indexed successfully."
"2022-02-17 10:26:13.840495","Contao\CoreBundle\Crawl\Escargot\Subscriber\SearchIndexSubscriber",https://4ae-racing-team.ch/bildergalerie/eiger-nordwand-loecherspiel,https://4ae-racing-team.ch/bildergalerie?page_g16301=2,5,,"Forwarded to the search indexer. Was indexed successfully."
"2022-02-17 10:26:17.423257","Contao\CoreBundle\Crawl\Escargot\Subscriber\SearchIndexSubscriber",https://4ae-racing-team.ch/bildergalerie/ofen-melchtal-chruezspinne,https://4ae-racing-team.ch/bildergalerie?page_g16301=2,5,,"Forwarded to the search indexer. Was indexed successfully."
"2022-02-17 10:26:17.570310","Contao\CoreBundle\Crawl\Escargot\Subscriber\SearchIndexSubscriber",https://4ae-racing-team.ch/bildergalerie/cheselenflue,https://4ae-racing-team.ch/bildergalerie?page_g16301=2,5,,"Forwarded to the search indexer. Was indexed successfully."
"2022-02-17 10:26:17.671401","Contao\CoreBundle\Crawl\Escargot\Subscriber\SearchIndexSubscriber",https://4ae-racing-team.ch/bildergalerie/aennes-auf-abwegen,https://4ae-racing-team.ch/bildergalerie?page_g16301=2,5,,"Forwarded to the search indexer. Was indexed successfully."
"2022-02-17 10:26:17.764487","Contao\CoreBundle\Crawl\Escargot\Subscriber\SearchIndexSubscriber",https://4ae-racing-team.ch/bildergalerie/klettern-in-cresciano,https://4ae-racing-team.ch/bildergalerie?page_g16301=2,5,,"Forwarded to the search indexer. Was indexed successfully."
"2022-02-17 10:26:17.883876","Contao\CoreBundle\Crawl\Escargot\Subscriber\SearchIndexSubscriber",https://4ae-racing-team.ch/bildergalerie/gr-wendenstock-niagara,https://4ae-racing-team.ch/bildergalerie?page_g16301=2,5,,"Forwarded to the search indexer. Was indexed successfully."
"2022-02-17 10:26:25.148698","Contao\CoreBundle\Crawl\Escargot\Subscriber\SearchIndexSubscriber",https://4ae-racing-team.ch/bildergalerie/finsteraarhorn-no-rippe,https://4ae-racing-team.ch/bildergalerie?page_g16301=3,5,,"Forwarded to the search indexer. Was indexed successfully."
"2022-02-17 10:26:25.268883","Contao\CoreBundle\Crawl\Escargot\Subscriber\SearchIndexSubscriber",https://4ae-racing-team.ch/bildergalerie/gr-wendenstock-legacy-andorra,https://4ae-racing-team.ch/bildergalerie?page_g16301=3,5,,"Forwarded to the search indexer. Was indexed successfully."
"2022-02-17 10:26:25.368277","Contao\CoreBundle\Crawl\Escargot\Subscriber\SearchIndexSubscriber",https://4ae-racing-team.ch/bildergalerie/gr-wendenstock-paco-aureus,https://4ae-racing-team.ch/bildergalerie?page_g16301=3,5,,"Forwarded to the search indexer. Was indexed successfully."
"2022-02-17 10:26:28.773442","Contao\CoreBundle\Crawl\Escargot\Subscriber\SearchIndexSubscriber",https://4ae-racing-team.ch/bildergalerie/pfaffenhuet-el-condor-pasa,https://4ae-racing-team.ch/bildergalerie?page_g16301=3,5,,"Forwarded to the search indexer. Was indexed successfully."
"2022-02-17 10:26:28.861955","Contao\CoreBundle\Crawl\Escargot\Subscriber\SearchIndexSubscriber",https://4ae-racing-team.ch/bildergalerie/bungonia-gorge-oz,https://4ae-racing-team.ch/bildergalerie?page_g16301=3,5,,"Forwarded to the search indexer. Was indexed successfully."
"2022-02-17 10:26:28.972962","Contao\CoreBundle\Crawl\Escargot\Subscriber\SearchIndexSubscriber",https://4ae-racing-team.ch/bildergalerie/tom-aend-helen-in-australia,https://4ae-racing-team.ch/bildergalerie?page_g16301=3,5,,"Forwarded to the search indexer. Was indexed successfully."
"2022-02-17 10:26:29.108442","Contao\CoreBundle\Crawl\Escargot\Subscriber\SearchIndexSubscriber",https://4ae-racing-team.ch/bildergalerie/pfaffenhuet-sonnenkoenig,https://4ae-racing-team.ch/bildergalerie?page_g16301=3,5,,"Forwarded to the search indexer. Was indexed successfully."
"2022-02-17 10:26:29.198473","Contao\CoreBundle\Crawl\Escargot\Subscriber\SearchIndexSubscriber",https://4ae-racing-team.ch/bildergalerie/mount-arapiles-oz,https://4ae-racing-team.ch/bildergalerie?page_g16301=3,5,,"Forwarded to the search indexer. Was indexed successfully."
"2022-02-17 10:26:33.473117","Contao\CoreBundle\Crawl\Escargot\Subscriber\SearchIndexSubscriber",https://4ae-racing-team.ch/bildergalerie/salbitschijen-ost-grat,https://4ae-racing-team.ch/bildergalerie?page_g16301=3,5,,"Forwarded to the search indexer. Was indexed successfully."
"2022-02-17 10:26:33.626055","Contao\CoreBundle\Crawl\Escargot\Subscriber\SearchIndexSubscriber",https://4ae-racing-team.ch/bildergalerie/vier-ae-auf-dem-laucheren,https://4ae-racing-team.ch/bildergalerie?page_g16301=3,5,,"Forwarded to the search indexer. Was indexed successfully."
"2022-02-17 10:26:33.748235","Contao\CoreBundle\Crawl\Escargot\Subscriber\SearchIndexSubscriber",https://4ae-racing-team.ch/bildergalerie/ein-sportliches-wochenende,https://4ae-racing-team.ch/bildergalerie?page_g16301=3,5,,"Forwarded to the search indexer. Was indexed successfully."
"2022-02-17 10:26:33.884231","Contao\CoreBundle\Crawl\Escargot\Subscriber\SearchIndexSubscriber",https://4ae-racing-team.ch/bildergalerie/gr-wendenstock-lancelot,https://4ae-racing-team.ch/bildergalerie?page_g16301=3,5,,"Forwarded to the search indexer. Was indexed successfully."
"2022-02-17 10:26:34.026030","Contao\CoreBundle\Crawl\Escargot\Subscriber\SearchIndexSubscriber",https://4ae-racing-team.ch/bildergalerie/klettern-am-chli-glatten,https://4ae-racing-team.ch/bildergalerie?page_g16301=3,5,,"Forwarded to the search indexer. Was indexed successfully."
"2022-02-17 10:26:37.866535","Contao\CoreBundle\Crawl\Escargot\Subscriber\SearchIndexSubscriber",https://4ae-racing-team.ch/bildergalerie/mit-franco-in-der-route-glasmost,https://4ae-racing-team.ch/bildergalerie?page_g16301=3,5,,"Forwarded to the search indexer. Was indexed successfully."
"2022-02-17 10:26:38.006143","Contao\CoreBundle\Crawl\Escargot\Subscriber\SearchIndexSubscriber",https://4ae-racing-team.ch/bildergalerie/rosenlauistock-mit-franco-in-kadenz,https://4ae-racing-team.ch/bildergalerie?page_g16301=3,5,,"Forwarded to the search indexer. Was indexed successfully."
"2022-02-17 10:26:38.127777","Contao\CoreBundle\Crawl\Escargot\Subscriber\SearchIndexSubscriber",https://4ae-racing-team.ch/bildergalerie/brisen-skitour,https://4ae-racing-team.ch/bildergalerie?page_g16301=3,5,,"Forwarded to the search indexer. Was indexed successfully."
"2022-02-17 10:26:38.252060","Contao\CoreBundle\Crawl\Escargot\Subscriber\SearchIndexSubscriber",https://4ae-racing-team.ch/bildergalerie/pfaffenhuet-sternschnuppe-mit-franco,https://4ae-racing-team.ch/bildergalerie?page_g16301=3,5,,"Forwarded to the search indexer. Was indexed successfully."
"2022-02-17 10:26:38.344601","Contao\CoreBundle\Crawl\Escargot\Subscriber\SearchIndexSubscriber",https://4ae-racing-team.ch/bildergalerie/ponte-brolla,https://4ae-racing-team.ch/bildergalerie?page_g16301=3,5,,"Forwarded to the search indexer. Was indexed successfully."
"2022-02-17 10:26:42.359585","Contao\CoreBundle\Crawl\Escargot\Subscriber\SearchIndexSubscriber",https://4ae-racing-team.ch/bildergalerie/klettergarten-melchsee-frutt,https://4ae-racing-team.ch/bildergalerie?page_g16301=3,5,,"Forwarded to the search indexer. Was indexed successfully."
"2022-02-17 10:26:43.578948","Contao\CoreBundle\Crawl\Escargot\Subscriber\SearchIndexSubscriber",https://4ae-racing-team.ch/bildergalerie/klettergarten-bettlerstock-engelberg,https://4ae-racing-team.ch/bildergalerie?page_g16301=3,5,,"Forwarded to the search indexer. Was indexed successfully."
"2022-02-17 10:26:53.008418","Contao\CoreBundle\Crawl\Escargot\Subscriber\SearchIndexSubscriber",https://4ae-racing-team.ch/bildergalerie/kletterhalle-eiselin-good-old-times,https://4ae-racing-team.ch/bildergalerie?page_g16301=4,5,,"Forwarded to the search indexer. Was indexed successfully."
"2022-02-17 10:26:53.145101","Contao\CoreBundle\Crawl\Escargot\Subscriber\SearchIndexSubscriber",https://4ae-racing-team.ch/bildergalerie/saettelistock-suedwand-zwischae-dae-daecher,https://4ae-racing-team.ch/bildergalerie?page_g16301=4,5,,"Forwarded to the search indexer. Was indexed successfully."
"2022-02-17 10:26:53.298979","Contao\CoreBundle\Crawl\Escargot\Subscriber\SearchIndexSubscriber",https://4ae-racing-team.ch/bildergalerie/pfaffenhuet-voie-du-frere,https://4ae-racing-team.ch/bildergalerie?page_g16301=4,5,,"Forwarded to the search indexer. Was indexed successfully."
"2022-02-17 10:26:53.832140","Contao\CoreBundle\Crawl\Escargot\Subscriber\SearchIndexSubscriber",https://4ae-racing-team.ch/bildergalerie/lagginhorn-weissmies,https://4ae-racing-team.ch/bildergalerie?page_g16301=4,5,,"Forwarded to the search indexer. Was indexed successfully."
"2022-02-17 10:26:53.933181","Contao\CoreBundle\Crawl\Escargot\Subscriber\SearchIndexSubscriber",https://4ae-racing-team.ch/bildergalerie/grosshorn-lauperrippe,https://4ae-racing-team.ch/bildergalerie?page_g16301=4,5,,"Forwarded to the search indexer. Was indexed successfully."
"2022-02-17 10:26:58.419193","Contao\CoreBundle\Crawl\Escargot\Subscriber\SearchIndexSubscriber",https://4ae-racing-team.ch/bildergalerie/engelhoerner2,https://4ae-racing-team.ch/bildergalerie?page_g16301=4,5,,"Forwarded to the search indexer. Was indexed successfully."
"2022-02-17 10:26:58.730495","Contao\CoreBundle\Crawl\Escargot\Subscriber\SearchIndexSubscriber",https://4ae-racing-team.ch/bildergalerie/pilatus-klettergarten-matthorn-sued,https://4ae-racing-team.ch/bildergalerie?page_g16301=4,5,,"Forwarded to the search indexer. Was indexed successfully."
"2022-02-17 10:26:58.831764","Contao\CoreBundle\Crawl\Escargot\Subscriber\SearchIndexSubscriber",https://4ae-racing-team.ch/bildergalerie/tourenwoche-rothornhuette,https://4ae-racing-team.ch/bildergalerie?page_g16301=4,5,,"Forwarded to the search indexer. Was indexed successfully."
"2022-02-17 10:26:58.912058","Contao\CoreBundle\Crawl\Escargot\Subscriber\SearchIndexSubscriber",https://4ae-racing-team.ch/bildergalerie/wilde-orchidee-am-ofen,https://4ae-racing-team.ch/bildergalerie?page_g16301=4,5,,"Forwarded to the search indexer. Was indexed successfully."
"2022-02-17 10:26:59.021262","Contao\CoreBundle\Crawl\Escargot\Subscriber\SearchIndexSubscriber",https://4ae-racing-team.ch/bildergalerie/engelhoerner,https://4ae-racing-team.ch/bildergalerie?page_g16301=4,5,,"Forwarded to the search indexer. Was indexed successfully."
"2022-02-17 10:27:04.513391","Contao\CoreBundle\Crawl\Escargot\Subscriber\SearchIndexSubscriber",https://4ae-racing-team.ch/bildergalerie/verschiedenes,https://4ae-racing-team.ch/bildergalerie?page_g16301=4,5,,"Forwarded to the search indexer. Was indexed successfully."
"2022-02-17 10:27:04.968452","Contao\CoreBundle\Crawl\Escargot\Subscriber\SearchIndexSubscriber",https://4ae-racing-team.ch/bildergalerie/croatia-99,https://4ae-racing-team.ch/bildergalerie?page_g16301=4,5,,"Forwarded to the search indexer. Was indexed successfully."
"2022-02-17 10:27:05.152642","Contao\CoreBundle\Crawl\Escargot\Subscriber\SearchIndexSubscriber",https://4ae-racing-team.ch/bildergalerie/orpierre,https://4ae-racing-team.ch/bildergalerie?page_g16301=4,5,,"Forwarded to the search indexer. Was indexed successfully."
"2022-02-17 10:27:05.314051","Contao\CoreBundle\Crawl\Escargot\Subscriber\SearchIndexSubscriber",https://4ae-racing-team.ch/bildergalerie/zermatter-breithorn-n-wand,https://4ae-racing-team.ch/bildergalerie?page_g16301=4,5,,"Forwarded to the search indexer. Was indexed successfully."
"2022-02-17 10:27:05.662629","Contao\CoreBundle\Crawl\Escargot\Subscriber\SearchIndexSubscriber",https://4ae-racing-team.ch/bildergalerie/bike-parts,https://4ae-racing-team.ch/bildergalerie?page_g16301=4,5,,"Forwarded to the search indexer. Was indexed successfully."
"2022-02-17 10:27:11.389685","Contao\CoreBundle\Crawl\Escargot\Subscriber\SearchIndexSubscriber",https://4ae-racing-team.ch/bildergalerie/old-school,https://4ae-racing-team.ch/bildergalerie?page_g16301=4,5,,"Forwarded to the search indexer. Was indexed successfully."
